{
    "identityPoolName": "cognito1a4df832_identitypool_1a4df832",
    "allowUnauthenticatedIdentities": false,
    "lambdaLogPolicy": "cognito1a4df832_lambda_log_policy",
    "openIdLambdaRoleName": "cognito1a4df832_openid_lambda_role",
    "openIdRolePolicy": "cognito1a4df832_openid_pass_role_policy",
    "openIdLambdaIAMPolicy": "cognito1a4df832_openid_lambda_iam_policy",
    "openIdLogPolicy": "cognito1a4df832_openid_lambda_log_policy",
    "userPoolName": "cognito1a4df832_userpool_1a4df832",
    "autoVerifiedAttributes": [
        "email"
    ],
    "mfaConfiguration": "OFF",
    "mfaTypes": [
        "SMS Text Message"
    ],
    "roleName": "cognito1a4df832_sns-role",
    "roleExternalId": "cognito1a4df832_role_external_id",
    "policyName": "cognito1a4df832-sns-policy",
    "smsAuthenticationMessage": "Your authentication code is {####}",
    "smsVerificationMessage": "Your verification code is {####}",
    "emailVerificationSubject": "Your verification code",
    "emailVerificationMessage": "Your verification code is {####}",
    "defaultPasswordPolicy": false,
    "passwordPolicyMinLength": 8,
    "passwordPolicyCharacters": [
        "Requires Lowercase",
        "Requires Uppercase",
        "Requires Numbers",
        "Requires Symbols"
    ],
    "requiredAttributes": [
        "email"
    ],
    "userpoolClientName": "cognito1a4df832_app_client",
    "userpoolClientGenerateSecret": true,
    "userpoolClientRefreshTokenValidity": 30,
    "userpoolClientWriteAttributes": [
        "email"
    ],
    "userpoolClientReadAttributes": [
        "email"
    ],
    "mfaLambdaRole": "cognito1a4df832_totp_lambda_role",
    "mfaLambdaLogPolicy": "cognito1a4df832_totp_lambda_log_policy",
    "mfaPassRolePolicy": "cognito1a4df832_totp_pass_role_policy",
    "mfaLambdaIAMPolicy": "cognito1a4df832_totp_lambda_iam_policy",
    "userpoolClientLambdaRole": "cognito1a4df832_userpoolclient_lambda_role",
    "userpoolClientLogPolicy": "cognito1a4df832_userpoolclient_lambda_log_policy",
    "userpoolClientLambdaPolicy": "cognito1a4df832_userpoolclient_lambda_iam_policy",
    "userpoolClientSetAttributes": false,
    "resourceName": "cognito1a4df832",
    "authSelections": "identityPoolAndUserPool",
    "authRoleName": {
        "Ref": "AuthRoleName"
    },
    "unauthRoleName": {
        "Ref": "UnauthRoleName"
    },
    "authRoleArn": {
        "Fn::GetAtt": [
            "AuthRole",
            "Arn"
        ]
    },
    "unauthRoleArn": {
        "Fn::GetAtt": [
            "UnauthRole",
            "Arn"
        ]
    },
    "useDefault": "default"
}