{
    "identityPoolName": "cognitoe5bb51ed_identitypool_e5bb51ed",
    "allowUnauthenticatedIdentities": false,
    "lambdaLogPolicy": "cognitoe5bb51ed_lambda_log_policy",
    "openIdLambdaRoleName": "cognitoe5bb51ed_openid_lambda_role",
    "openIdRolePolicy": "cognitoe5bb51ed_openid_pass_role_policy",
    "openIdLambdaIAMPolicy": "cognitoe5bb51ed_openid_lambda_iam_policy",
    "openIdLogPolicy": "cognitoe5bb51ed_openid_lambda_log_policy",
    "userPoolName": "cognitoe5bb51ed_userpool_e5bb51ed",
    "autoVerifiedAttributes": [
        "email"
    ],
    "mfaConfiguration": "OFF",
    "mfaTypes": [
        "SMS Text Message"
    ],
    "roleName": "cognitoe5bb51ed_sns-role",
    "roleExternalId": "cognitoe5bb51ed_role_external_id",
    "policyName": "cognitoe5bb51ed-sns-policy",
    "smsAuthenticationMessage": "Your authentication code is {####}",
    "smsVerificationMessage": "Your verification code is {####}",
    "emailVerificationSubject": "Your verification code",
    "emailVerificationMessage": "Your verification code is {####}",
    "defaultPasswordPolicy": false,
    "passwordPolicyMinLength": 8,
    "passwordPolicyCharacters": [
        "Requires Lowercase",
        "Requires Uppercase",
        "Requires Numbers",
        "Requires Symbols"
    ],
    "requiredAttributes": [
        "email"
    ],
    "userpoolClientName": "cognitoe5bb51ed_app_client",
    "userpoolClientGenerateSecret": true,
    "userpoolClientRefreshTokenValidity": 30,
    "userpoolClientWriteAttributes": [
        "email"
    ],
    "userpoolClientReadAttributes": [
        "email"
    ],
    "mfaLambdaRole": "cognitoe5bb51ed_totp_lambda_role",
    "mfaLambdaLogPolicy": "cognitoe5bb51ed_totp_lambda_log_policy",
    "mfaPassRolePolicy": "cognitoe5bb51ed_totp_pass_role_policy",
    "mfaLambdaIAMPolicy": "cognitoe5bb51ed_totp_lambda_iam_policy",
    "userpoolClientLambdaRole": "cognitoe5bb51ed_userpoolclient_lambda_role",
    "userpoolClientLogPolicy": "cognitoe5bb51ed_userpoolclient_lambda_log_policy",
    "userpoolClientLambdaPolicy": "cognitoe5bb51ed_userpoolclient_lambda_iam_policy",
    "userpoolClientSetAttributes": false,
    "resourceName": "cognitoe5bb51ed",
    "authSelections": "identityPoolAndUserPool",
    "authRoleName": {
        "Ref": "AuthRoleName"
    },
    "unauthRoleName": {
        "Ref": "UnauthRoleName"
    },
    "authRoleArn": {
        "Fn::GetAtt": [
            "AuthRole",
            "Arn"
        ]
    },
    "unauthRoleArn": {
        "Fn::GetAtt": [
            "UnauthRole",
            "Arn"
        ]
    },
    "useDefault": "default"
}