{
	"providers": {
		"awscloudformation": {
			"AuthRoleName": "unidesigncompassapp-20190414192909-authRole",
			"UnauthRoleArn": "arn:aws:iam::754786653450:role/unidesigncompassapp-20190414192909-unauthRole",
			"AuthRoleArn": "arn:aws:iam::754786653450:role/unidesigncompassapp-20190414192909-authRole",
			"Region": "us-east-1",
			"DeploymentBucketName": "unidesigncompassapp-20190414192909-deployment",
			"UnauthRoleName": "unidesigncompassapp-20190414192909-unauthRole",
			"StackName": "unidesigncompassapp-20190414192909",
			"StackId": "arn:aws:cloudformation:us-east-1:754786653450:stack/unidesigncompassapp-20190414192909/1aa56010-5f0d-11e9-b5b5-126c686965ae"
		},
		"categories": {
			"auth": {
				"cognitoe5bb51ed": {}
			}
		}
	},
	"api": {
		"unidesigncompassapp": {
			"service": "AppSync",
			"providerPlugin": "awscloudformation",
			"output": {
				"securityType": "API_KEY",
				"GraphQLAPIIdOutput": "mhfj5e3r6rfe7mgbfpu2tjvpk4",
				"GraphQLAPIEndpointOutput": "https://vfgg7lwkpvbfhjxcobeomccgdi.appsync-api.us-east-1.amazonaws.com/graphql",
				"GraphQLAPIKeyOutput": "da2-xbhvmsszqjhc7jslswnx77jrri"
			},
			"lastPushTimeStamp": "2019-04-22T19:30:18.145Z",
			"providerMetadata": {
				"s3TemplateURL": "https://s3.amazonaws.com/unidesigncompassapp-20190414192909-deployment/amplify-cfn-templates/api/cloudformation-template.json",
				"logicalId": "apiunidesigncompassapp"
			},
			"lastPushDirHash": "lC3YW1qUfxZi+16duxk/gZRJQS4="
		}
	},
	"auth": {
		"cognitoe5bb51ed": {
			"service": "Cognito",
			"providerPlugin": "awscloudformation",
			"output": {
				"AppClientSecret": "1l21a5tbebockllmpie6atrmh9u4bqub8b1m2erk9n5rcnkhlnii",
				"UserPoolId": "us-east-1_lm5RN5KAw",
				"AppClientIDWeb": "4qblt8volskfr38uqokgksr873",
				"AppClientID": "2qaugnmlvltf9thph5mrtqnrt1",
				"IdentityPoolId": "us-east-1:f7c185b8-3f7a-4f09-aa93-139a5d6f8eb4",
				"IdentityPoolName": "cognitoe5bb51ed_identitypool_e5bb51ed__dev",
				"UserPoolName": "cognitoe5bb51ed_userpool_e5bb51ed"
			},
			"lastPushTimeStamp": "2019-04-22T19:30:17.066Z",
			"providerMetadata": {
				"s3TemplateURL": "https://s3.amazonaws.com/unidesigncompassapp-20190414192909-deployment/amplify-cfn-templates/auth/cognitoe5bb51ed-cloudformation-template.yml",
				"logicalId": "authcognitoe5bb51ed"
			}
		}
	}
}